{
  "Component.js.map": 1693898851417,
  "test/integration/pages/BooksObjectPage.js": 1693898441685,
  "test/integration/pages/BooksList.js": 1693898441685,
  "test/integration/opaTests.qunit.js": 1693898441661,
  "test/integration/FirstJourney.js": 1693898441685,
  "test/testsuite.qunit.js": 1693898441649,
  "xs-app.json": 1693898840826,
  "manifest.json": 1693898840826,
  "Component.js": 1693898441633,
  "test/testsuite.qunit-dbg.js": 1693898441649,
  "test/testsuite.qunit.js.map": 1693898851410,
  "test/integration/pages/BooksList-dbg.js": 1693898441685,
  "test/integration/pages/BooksList.js.map": 1693898851457,
  "test/integration/opaTests.qunit-dbg.js": 1693898441661,
  "test/integration/opaTests.qunit.js.map": 1693898851420,
  "test/integration/FirstJourney-dbg.js": 1693898441685,
  "test/integration/FirstJourney.js.map": 1693898851446,
  "test/integration/pages/BooksObjectPage-dbg.js": 1693898441685,
  "test/integration/pages/BooksObjectPage.js.map": 1693898851415,
  "Component-dbg.js": 1693898441633,
  "i18n/i18n.properties": 1693898464493,
  "Component-preload.js": 1693898851575,
  "Component-preload.js.map": 1693898851575,
  "test/integration/opaTests.qunit.html": 1693898441661,
  "test/testsuite.qunit.html": 1693898441645,
  "test/flpSandbox.html": 1693898441645,
  "localService/metadata.xml": 1693898441645,
  "index.html": 1693898441637
}