{
  "test/testsuite.qunit-dbg.js": 1693898441649,
  "Component.js": 1693898441633,
  "test/integration/pages/BooksList.js": 1693898441685,
  "test/integration/opaTests.qunit.js": 1693898441661,
  "test/integration/FirstJourney.js": 1693898441685,
  "test/testsuite.qunit.js": 1693898441649,
  "xs-app.json": 1693905298925,
  "manifest.json": 1693905298929,
  "test/integration/pages/BooksObjectPage.js": 1693898441685,
  "Component-dbg.js": 1693898441633,
  "Component.js.map": 1693905306661,
  "test/integration/pages/BooksList-dbg.js": 1693898441685,
  "test/integration/pages/BooksList.js.map": 1693905306656,
  "test/integration/opaTests.qunit-dbg.js": 1693898441661,
  "test/integration/opaTests.qunit.js.map": 1693905306661,
  "test/integration/FirstJourney-dbg.js": 1693898441685,
  "test/integration/FirstJourney.js.map": 1693905306723,
  "i18n/i18n.properties": 1693898464493,
  "test/testsuite.qunit.js.map": 1693905306706,
  "test/integration/pages/BooksObjectPage-dbg.js": 1693898441685,
  "test/integration/pages/BooksObjectPage.js.map": 1693905306706,
  "Component-preload.js": 1693905306847,
  "Component-preload.js.map": 1693905306847,
  "test/integration/opaTests.qunit.html": 1693898441661,
  "test/testsuite.qunit.html": 1693898441645,
  "test/flpSandbox.html": 1693898441645,
  "localService/metadata.xml": 1693898441645,
  "index.html": 1693898441637
}